project,metric,Performance,jpinpoint-common-rules,Best Practices,Multithreading,jpinpoint-concurrent-rules
CAMEL,f1,0.346500634324526,0.5294731916296803,0.7275761861114217,0.39480543410474883,0.19436125407241295
CAMEL,precision,0.4085213300618558,0.5686372413600389,0.7210175482008012,0.3856658478211684,0.18537187254487444
CAMEL,recall,0.30633825713118606,0.49824592765328096,0.7370100804304703,0.4141783880376308,0.20874949834362702
CAMEL,rocauc,0.5056846552433029,0.49993491278218477,0.5020704594138373,0.5044783826947555,0.4944625355850751
CAMEL,test_count,73.5,105.35,133.15,70.15,35.9
CAMEL,test_fraction,0.3972972972972974,0.5694594594594595,0.7197297297297297,0.3791891891891893,0.19405405405405401
