metric,Performance,jpinpoint-common-rules,Best Practices,Multithreading,jpinpoint-concurrent-rules
f1,0.8713117335109741,0.8040773103746786,0.9822282239178062,0.7315128340802683,0.7298792623594054
precision,0.8460149136901084,0.8985608794445114,0.9731821236559138,0.7566429517297736,0.7421668318909699
recall,0.8997167608788853,0.7325865726140337,0.9919791666666666,0.7176388739945712,0.7333060676292942
rocauc,0.46548338043944276,0.5424912029736835,0.32333333333333336,0.5268443287721774,0.5187897859513994
test_count,27.4,28.2,31.05,23.65,23.3
test_fraction,0.85625,0.88125,0.9703125,0.7390625,0.728125
