,alpha,lower,upper,mean,label
0,95.0,77.7015113350126,91.72957758690663,0.8406190125646326,Best Practices
1,95.0,42.40938799762329,63.27792797522178,0.530149398377473,Multithreading
2,95.0,54.07667658561907,75.43163952835485,0.6748935316403541,Performance
3,95.0,45.0822332660351,67.96192618652954,0.5714914956000493,jpinpoint-common-rules
4,95.0,39.73623812904632,64.46985747303545,0.501371157570085,jpinpoint-concurrent-rules
