,alpha,lower,upper,mean,label
0,95.0,73.44495791785721,84.112752285665,0.7984414779911471,Best Practices
1,95.0,45.963541666666664,65.89128331900257,0.5679470217355395,Multithreading
2,95.0,57.84184823441022,77.97737695746443,0.6914072702257738,Performance
3,95.0,49.533195798949734,69.52874853915148,0.6119177447115476,jpinpoint-common-rules
4,95.0,44.13015753938485,63.7232104121475,0.5399247261981079,jpinpoint-concurrent-rules
