,alpha,lower,upper,mean,label
0,95.0,67.86815822916527,81.2596052546461,0.7614387902206554,Best Practices
1,95.0,46.74241291859115,78.98771892510341,0.6176860394119982,Multithreading
2,95.0,59.92771339070251,82.31921331316188,0.7128228606153331,Performance
3,95.0,54.96361746361747,74.39614394144755,0.6613523974539374,jpinpoint-common-rules
4,95.0,47.52636625119847,71.93410908052542,0.5922424008175631,jpinpoint-concurrent-rules
