,alpha,lower,upper,mean,label
0,95.0,52.122240673760004,69.0680278620065,0.586583226541056,Best Practices
1,95.0,55.41054820995329,68.77343173093915,0.6253091497005383,Multithreading
2,95.0,54.36153410404536,72.01077061064686,0.6316332218018934,Performance
3,95.0,47.261642105554465,64.12145052868195,0.5759461570918716,jpinpoint-common-rules
4,95.0,59.73451015209815,70.07403629939932,0.6505799735491282,jpinpoint-concurrent-rules
