,alpha,lower,upper,mean,label
0,95.0,71.27320521205414,95.50405268490375,0.8269370369873166,Best Practices
1,95.0,29.738008638326896,66.61728896103895,0.4734975428836248,Multithreading
2,95.0,19.444029850746276,60.078241430700444,0.3929592811057687,Performance
3,95.0,33.84492110453649,77.64605729723645,0.5059300047623263,jpinpoint-common-rules
4,95.0,3.078007518796993,51.931549960660874,0.22913100411766235,jpinpoint-concurrent-rules
