,alpha,lower,upper,mean,label
0,95.0,43.46227485547144,69.03591915085816,0.5281300710378213,Best Practices
1,95.0,48.79639959432049,72.60036906085004,0.5858707760479712,Multithreading
2,95.0,41.68240154743203,66.49935265231942,0.5447213737296855,Performance
3,95.0,33.94497503553447,73.38383870930785,0.5344563284704754,jpinpoint-common-rules
4,95.0,44.080870028199016,68.90779239392045,0.5579413127442827,jpinpoint-concurrent-rules
