,alpha,lower,upper,mean,label
0,95.0,56.25502684014193,85.3189500468729,0.7187692621887622,Best Practices
1,95.0,36.47590361445784,66.85176085176084,0.5136900808818808,Multithreading
2,95.0,21.026223776223777,56.58555665349143,0.38858692953074014,Performance
3,95.0,37.0105580693816,81.09118852459017,0.5673405589488787,jpinpoint-common-rules
4,95.0,4.559659090909092,47.33528265107211,0.2555159210670697,jpinpoint-concurrent-rules
