,alpha,lower,upper,mean,label
0,95.0,45.679238505747136,79.65591226954861,0.6414723166959935,Best Practices
1,95.0,35.870681605975726,73.26666666666667,0.5780265027673148,Multithreading
2,95.0,20.321933669671658,68.57272727272728,0.41132581685347097,Performance
3,95.0,35.50403225806452,85.0531914893617,0.6627888817725509,jpinpoint-common-rules
4,95.0,5.528846153846156,65.32451923076921,0.3631089923998706,jpinpoint-concurrent-rules
