,alpha,lower,upper,mean,label
0,95.0,89.86852176055038,98.50322773431326,0.9527198787796053,Best Practices
1,95.0,55.42534722222222,80.78460977525148,0.7091453906997931,Multithreading
2,95.0,65.39732692781475,93.3525415242239,0.8311926169696384,Performance
3,95.0,51.162528216704295,86.38973063973063,0.7248889272546937,jpinpoint-common-rules
4,95.0,52.39589148152284,82.16596969904708,0.6670540759594785,jpinpoint-concurrent-rules
