,alpha,lower,upper,mean,label
0,95.0,20.790983606557393,72.0611455682127,0.492637890127854,Best Practices
1,95.0,47.08238636363637,70.01280873406466,0.5771978119146465,Multithreading
2,95.0,32.522424611348185,70.00414611721267,0.49955284400770655,Performance
3,95.0,31.220813042070372,66.43035894118269,0.5087740911737292,jpinpoint-common-rules
4,95.0,43.21273990309133,67.89899498005906,0.5418343150528973,jpinpoint-concurrent-rules
