,alpha,lower,upper,mean,label
0,95.0,90.80444098169069,99.62,0.9603295911614204,Best Practices
1,95.0,57.66412671855677,88.26126126126125,0.7521600756157406,Multithreading
2,95.0,72.91092141081783,95.05129445023063,0.8774690600650603,Performance
3,95.0,58.103125,89.84890572390573,0.7666170648916113,jpinpoint-common-rules
4,95.0,49.44055944055944,81.27564229249012,0.6610676871199146,jpinpoint-concurrent-rules
