,alpha,lower,upper,mean,label
0,95.0,85.74473224144276,98.81470588235294,0.9462697771104832,Best Practices
1,95.0,44.75062266500623,82.36989108466202,0.6847412725711945,Multithreading
2,95.0,54.30050276804881,92.4143505619021,0.7974163606941775,Performance
3,95.0,42.5986479613461,85.8012114537445,0.6992648224546008,jpinpoint-common-rules
4,95.0,49.32835477941177,87.87786400591278,0.6856525947781482,jpinpoint-concurrent-rules
