,alpha,lower,upper,mean,label
0,95.0,41.39729465904337,88.29908675799086,0.6773566068516393,Best Practices
1,95.0,1.5573770491803294,82.06884057971013,0.32849052711893423,Multithreading
2,95.0,56.34482758620689,97.82863849765258,0.835559187664906,Performance
3,95.0,8.163829787234045,79.20200372786579,0.47539588902183605,jpinpoint-common-rules
4,95.0,61.875000000000014,100.0,0.8795619677745254,jpinpoint-concurrent-rules
