,alpha,lower,upper,mean,label
0,95.0,34.5717045222392,75.23437499999999,0.5572548475738361,Best Practices
1,95.0,35.64678308881075,84.18853496602856,0.5681285408094843,Multithreading
2,95.0,38.69058441558442,89.06890204865556,0.5676429850589653,Performance
3,95.0,24.14772727272728,70.71380451087536,0.4829093293542261,jpinpoint-common-rules
4,95.0,39.88955184992184,86.24233252623081,0.6452070874408704,jpinpoint-concurrent-rules
