,alpha,lower,upper,mean,label
0,95.0,47.779614860921996,100.0,0.8547328681726165,Best Practices
1,95.0,2.56756756756757,87.97101449275362,0.43330322655146664,Multithreading
2,95.0,61.05000000000002,100.0,0.8865274535920115,Performance
3,95.0,10.377906976744189,86.38888888888887,0.49541137970238064,jpinpoint-common-rules
4,95.0,11.163461538461542,73.84180790960451,0.39527279233864565,jpinpoint-concurrent-rules
