,alpha,lower,upper,mean,label
0,95.0,57.089607733779516,87.65077060531605,0.7380824019092448,Best Practices
1,95.0,2.9687500000000027,78.22360248447202,0.32638669524548714,Multithreading
2,95.0,63.489835989835996,94.8972602739726,0.8528930372383684,Performance
3,95.0,9.907497565725418,76.60225140712944,0.46875365111411815,jpinpoint-common-rules
4,95.0,19.5827067669173,84.50185643564356,0.5226594467130828,jpinpoint-concurrent-rules
