project,BLIA,BLIA_ext,BRTracer,BRTracer_ext,BugLocator,BugLocator_ext,count
AMQP,0.6208485958485956,0.626727675228528,0.5349148619292904,0.5374625028201577,0.5392735638869366,0.5581209922601764,13
BATCH,0.5180157794249776,0.5146473061067798,0.6228829121763904,0.6197567064750639,0.5280823049456598,0.54302889975627,13
CAMEL,0.442120183512969,0.4401313318990437,0.5024311294295698,0.49983789465040723,0.44820339255816455,0.44899216358792965,111
COMPRESS,0.7919010989010987,0.793847334747296,0.7308237792980439,0.7279818063426042,0.6981836125048165,0.6896418431419138,10
DATACMNS,0.5439416806277271,0.5452250038587193,0.42396758933645773,0.4153575943809876,0.36172377695985114,0.3616134403659238,13
DATAJPA,0.7117207080200503,0.689353722159497,0.5224537635739966,0.5248113256580959,0.4493389073047685,0.43874707648582356,16
DATAMONGO,0.5609892394859098,0.5563337856359157,0.4611891085630407,0.46203004228695,0.4332801895046531,0.4337663282919791,16
DATAREDIS,0.6524705836428324,0.6548965713534434,0.6982120832917311,0.6952728127483276,0.608207967278422,0.6085678125652313,11
DATAREST,0.5965291082091116,0.6024848948103798,0.4423716933723412,0.4474092232034111,0.40469401225926066,0.4083692881355758,11
HBASE,0.4601236252401556,0.4605814526455883,0.5176817330798705,0.5158439563199428,0.47248679566725754,0.47856693047728316,148
LANG,0.8713068181818182,0.8705379077944325,0.80227495543672,0.8022779035742774,0.7835736710736712,0.7794266541468815,22
OTHER,0.49958731378223326,0.4965244159225145,0.47889480970312065,0.4754006184573889,0.4459257369364179,0.4431840991504453,55
ROO,0.4174067669569065,0.42475741979920184,0.411065757633569,0.421467357512484,0.3511598618962137,0.3566018962466412,40
SEC,0.6778129096318749,0.6801795452034044,0.6004237213449064,0.6041608964935901,0.6121695257568994,0.6023172493137318,29
SGF,0.5009655252191049,0.5024802703172877,0.44175595572004067,0.45823685730296243,0.49548360984772044,0.4842663141118596,10
SWS,0.4036562733243768,0.4357131169783865,0.4223546752392906,0.4217014943544871,0.45816978038978784,0.45369081702913594,10
WFCORE,0.29837993446301253,0.302227666976157,0.35601143433923144,0.36002279620423244,0.3028020555373642,0.30448139762590454,56
